<?xml version="1.0" encoding="UTF-8"?>

<beans xmlns="http://www.springframework.org/schema/beans"
	xmlns:xsi="http://www.w3.org/2001/XMLSchema-instance"
	xmlns:mvc="http://www.springframework.org/schema/mvc"
	xmlns:context="http://www.springframework.org/schema/context"
	xmlns:p="http://www.springframework.org/schema/p"
	xsi:schemaLocation="http://www.springframework.org/schema/mvc http://www.springframework.org/schema/mvc/spring-mvc.xsd
		http://www.springframework.org/schema/beans http://www.springframework.org/schema/beans/spring-beans.xsd
		http://www.springframework.org/schema/context http://www.springframework.org/schema/context/spring-context.xsd">

    <!-- Uncomment and your base-package here:
         <context:component-scan
            base-package="org.springframework.samples.web"/>  -->


    <mvc:annotation-driven /> <!--  이것이 있어야 어노테이션 기능이 활성화 된다 
    								3-1~3-5까지는 계속 지워줬던데? 
    								이게 있어야 어노테이션을 통한 유효성 검사가 가능 -->
    								
    <bean class="org.springframework.web.servlet.view.InternalResourceViewResolver">
	        <!-- Example: a logical view name of 'showMessage' is mapped to '/WEB-INF/jsp/showMessage.jsp' -->
	        <property name="prefix" value="/WEB-INF/jsp/"/>
	        <property name="suffix" value=".jsp"/>
	</bean>								
    <!--  DB관련 의존성 -->								
	<bean id="dataSource" class="org.springframework.jdbc.datasource.DriverManagerDataSource"
	p:driverClassName="oracle.jdbc.driver.OracleDriver"
	p:url="jdbc:oracle:thin:@Localhost:1521:xe"
	p:username="hr"	p:password="hr">
	</bean>
	<bean id="sqlSessionFactory"  class="org.mybatis.spring.SqlSessionFactoryBean"
	p:dataSource-ref="dataSource"
	p:configLocation="classpath:config/mybatis_config.xml">
	</bean>
	<bean id="sqlSession" class="org.mybatis.spring.SqlSessionTemplate">
	<constructor-arg ref="sqlSessionFactory"></constructor-arg>
	</bean>
	<!--  DB관련 의존성종료 -->	
	
	<!--  Autowired Component scan -->
	<context:component-scan base-package="dao,controller"></context:component-scan>
	<!--  Autowired -->
	<!--  Mapping -->
	<bean class="org.springframework.web.servlet.mvc.support.ControllerClassNameHandlerMapping"></bean>
	
	<bean id="messageSource" class="org.springframework.context.support.ResourceBundleMessageSource">
		<property name="basenames">
			<list>
				<value>ApplicationResource</value>
				 <!--  properties파일 이름입니다. 언어코드 빼세요 -->
				 <!--  두개 있는 데 왜 하나만 해?  -->
			</list>
		</property>
	</bean>

</beans>
